label,support,tp,fp,fn,precision,recall,f1,presence_accuracy,presence_tp,presence_fp,presence_fn,presence_tn
目的地,20,20,0,0,1.0,1.0,1.0,1.0,7,0,0,3
出发地,4,4,0,0,1.0,1.0,1.0,1.0,4,0,0,6
返程地,3,3,0,0,1.0,1.0,1.0,1.0,3,0,0,7
餐饮,1,1,0,0,1.0,1.0,1.0,1.0,1,0,0,9
住宿,1,1,0,0,1.0,1.0,1.0,1.0,1,0,0,9
产品,0,0,0,0,0.0,0.0,0.0,1.0,0,0,0,10
交通,3,3,0,0,1.0,1.0,1.0,1.0,3,0,0,7
预算,2,2,0,0,1.0,1.0,1.0,1.0,2,0,0,8
时长,9,9,0,0,1.0,1.0,1.0,1.0,6,0,0,4
时间,8,8,0,0,1.0,1.0,1.0,1.0,5,0,0,5
人群,3,3,0,0,1.0,1.0,1.0,1.0,2,0,0,8
强度,2,2,0,0,1.0,1.0,1.0,1.0,2,0,0,8
人气,3,3,0,0,1.0,1.0,1.0,1.0,3,0,0,7
人数,2,2,0,0,1.0,1.0,1.0,1.0,2,0,0,8
天气,1,1,0,0,1.0,1.0,1.0,1.0,1,0,0,9
